HV,SP,front_size,ref_point,hv_samples
1.0894900500000004,0.16048875642977883,59,"1.100,1.100,1.100",20000
